Date,Day,Activities
2026-02-15,Sunday,Coffee: Espresso; Project report; Call parents
2026-02-16,Monday,Coffee: Espresso; Gym
2026-02-17,Tuesday,Coffee: Espresso; Library visit
2026-02-18,Wednesday,Coffee: Espresso; Team sync
2026-02-19,Thursday,Coffee: Espresso; Grocery shopping
2026-02-20,Friday,Coffee: Espresso; Doctor appointment; Yoga session
2026-02-21,Saturday,Coffee: Espresso; Meeting
2026-02-22,Sunday,Coffee: Espresso; Call parents; Visit grandparents
2026-02-23,Monday,Coffee: Espresso; Gym
2026-02-24,Tuesday,Coffee: Espresso; Library visit
2026-02-25,Wednesday,Coffee: Espresso; Team sync
2026-02-26,Thursday,Coffee: Espresso
2026-02-27,Friday,Coffee: Espresso; Yoga session; Dataset collection and cleaning
2026-02-28,Saturday,Coffee: Espresso; Model training and optimization
2026-03-01,Sunday,Coffee: Espresso; Call parents; Pay rent; Result analysis and report
2026-03-02,Monday,Coffee: Latte
2026-03-03,Tuesday,Coffee: Espresso (Nostalgic choice); Library visit
2026-03-04,Wednesday,Coffee: Espresso (Nostalgic choice); Team sync
2026-03-05,Thursday,Coffee: Espresso (Nostalgic choice); Grocery shopping
2026-03-06,Friday,Coffee: Latte; Yoga session
2026-03-07,Saturday,Coffee: Latte; Meeting; Car wash
2026-03-08,Sunday,Coffee: Latte; Call parents
2026-03-09,Monday,Coffee: Espresso (Nostalgic choice)
2026-03-10,Tuesday,Coffee: Latte; Library visit
2026-03-11,Wednesday,Coffee: Espresso (Nostalgic choice); Team sync
2026-03-12,Thursday,Coffee: Espresso (Nostalgic choice)
2026-03-13,Friday,Coffee: Latte; Yoga session
2026-03-14,Saturday,Coffee: Espresso (Nostalgic choice)
2026-03-15,Sunday,Coffee: Espresso (Nostalgic choice); Project report; Call parents
2026-03-16,Monday,Coffee: Latte
2026-03-17,Tuesday,Coffee: Cappuccino; Library visit
2026-03-18,Wednesday,Coffee: Latte (Nostalgic choice); Team sync
2026-03-19,Thursday,Coffee: Cappuccino; Grocery shopping
2026-03-20,Friday,Coffee: Cappuccino; Doctor appointment; Yoga session
2026-03-21,Saturday,Coffee: Latte (Nostalgic choice); Meeting
2026-03-22,Sunday,Coffee: Cappuccino; Call parents
2026-03-23,Monday,Coffee: Cappuccino
2026-03-24,Tuesday,Coffee: Cappuccino; Library visit
2026-03-25,Wednesday,Coffee: Latte (Nostalgic choice)
2026-03-26,Thursday,Coffee: Cappuccino
2026-03-27,Friday,Coffee: Cappuccino; Yoga session
2026-03-28,Saturday,Coffee: Latte (Nostalgic choice)
2026-03-29,Sunday,Coffee: Latte (Nostalgic choice); Visit grandparents
2026-03-30,Monday,Coffee: Cappuccino
2026-03-31,Tuesday,Coffee: Cappuccino; Library visit
2026-04-01,Wednesday,Coffee: Americano; Pay rent
2026-04-02,Thursday,Coffee: Americano; Grocery shopping
2026-04-03,Friday,Coffee: Americano; Yoga session
2026-04-04,Saturday,Coffee: Americano; Meeting; Car wash
2026-04-05,Sunday,Coffee: Americano
2026-04-06,Monday,Coffee: Americano
2026-04-07,Tuesday,Coffee: Americano; Library visit
2026-04-08,Wednesday,Coffee: Americano
2026-04-09,Thursday,Coffee: Americano
2026-04-10,Friday,Coffee: Americano; Yoga session
2026-04-11,Saturday,Coffee: Americano
2026-04-12,Sunday,Coffee: Cappuccino (Nostalgic choice)
2026-04-13,Monday,Coffee: Cappuccino (Nostalgic choice); Dataset collection and cleaning
2026-04-14,Tuesday,Coffee: Cappuccino (Nostalgic choice); Library visit; Model training and optimization
2026-04-15,Wednesday,Coffee: Cappuccino (Nostalgic choice); Project report; Result analysis and report
2026-04-16,Thursday,Coffee: Americano (Nostalgic choice)
2026-04-17,Friday,Coffee: Americano (Nostalgic choice); Yoga session
2026-04-18,Saturday,Coffee: Americano (Nostalgic choice); Meeting
2026-04-19,Sunday,Coffee: Macchiato
2026-04-20,Monday,Coffee: Macchiato
2026-04-21,Tuesday,Coffee: Macchiato; Library visit
2026-04-22,Wednesday,Coffee: Americano (Nostalgic choice)
2026-04-23,Thursday,Coffee: Americano (Nostalgic choice)
2026-04-24,Friday,Coffee: Macchiato; Yoga session
2026-04-25,Saturday,Coffee: Macchiato
2026-04-26,Sunday,Coffee: Macchiato; Visit grandparents
2026-04-27,Monday,Coffee: Americano (Nostalgic choice)
2026-04-28,Tuesday,Coffee: Macchiato; Library visit
2026-04-29,Wednesday,Coffee: Americano (Nostalgic choice)
2026-04-30,Thursday,Coffee: Macchiato
2026-05-01,Friday,Coffee: Flat White; Pay rent; Yoga session
2026-05-02,Saturday,Coffee: Flat White; Meeting; Car wash
2026-05-03,Sunday,Coffee: Flat White
2026-05-04,Monday,Coffee: Flat White
2026-05-05,Tuesday,Coffee: Flat White; Library visit
2026-05-06,Wednesday,Coffee: Flat White
2026-05-07,Thursday,Coffee: Macchiato (Nostalgic choice)
2026-05-08,Friday,Coffee: Macchiato (Nostalgic choice); Yoga session
2026-05-09,Saturday,Coffee: Flat White
2026-05-10,Sunday,Coffee: Macchiato (Nostalgic choice)
2026-05-11,Monday,Coffee: Macchiato (Nostalgic choice)
2026-05-12,Tuesday,Coffee: Flat White; Library visit
2026-05-13,Wednesday,Coffee: Flat White
2026-05-14,Thursday,Coffee: Flat White
2026-05-15,Friday,Coffee: Flat White; Project report; Yoga session
2026-05-16,Saturday,Coffee: Espresso
2026-05-17,Sunday,Coffee: Espresso
2026-05-18,Monday,Coffee: Espresso
2026-05-19,Tuesday,Coffee: Espresso; Library visit
2026-05-20,Wednesday,Coffee: Espresso
2026-05-21,Thursday,Coffee: Espresso
2026-05-22,Friday,Coffee: Espresso; Yoga session
2026-05-23,Saturday,Coffee: Espresso
2026-05-24,Sunday,Coffee: Espresso
2026-05-25,Monday,Coffee: Espresso
2026-05-26,Tuesday,Coffee: Espresso; Library visit
2026-05-27,Wednesday,Coffee: Espresso
2026-05-28,Thursday,Coffee: Espresso
2026-05-29,Friday,Coffee: Espresso; Yoga session
2026-05-30,Saturday,Coffee: Espresso
2026-05-31,Sunday,Coffee: Latte; Visit grandparents
2026-06-01,Monday,Coffee: Latte
2026-06-02,Tuesday,Coffee: Latte; Library visit
2026-06-03,Wednesday,Coffee: Espresso (Nostalgic choice)
2026-06-04,Thursday,Coffee: Espresso (Nostalgic choice)
2026-06-05,Friday,Coffee: Latte; Yoga session
2026-06-06,Saturday,Coffee: Espresso (Nostalgic choice); Car wash
2026-06-07,Sunday,Coffee: Latte
2026-06-08,Monday,Coffee: Latte
2026-06-09,Tuesday,Coffee: Latte
2026-06-10,Wednesday,Coffee: Espresso (Nostalgic choice)
2026-06-11,Thursday,Coffee: Latte
2026-06-12,Friday,Coffee: Latte; Yoga session
2026-06-13,Saturday,Coffee: Espresso (Nostalgic choice)
2026-06-14,Sunday,Coffee: Espresso (Nostalgic choice)
2026-06-15,Monday,Coffee: Latte (Nostalgic choice)
2026-06-16,Tuesday,Coffee: Cappuccino
2026-06-17,Wednesday,Coffee: Cappuccino
2026-06-18,Thursday,Coffee: Cappuccino
2026-06-19,Friday,Coffee: Latte (Nostalgic choice); Yoga session
2026-06-20,Saturday,Coffee: Cappuccino; Dataset collection and cleaning
2026-06-21,Sunday,Coffee: Cappuccino; Model training and optimization
2026-06-22,Monday,Coffee: Cappuccino; Result analysis and report
2026-06-23,Tuesday,Coffee: Cappuccino
2026-06-24,Wednesday,Coffee: Cappuccino
2026-06-25,Thursday,Coffee: Latte (Nostalgic choice)
2026-06-26,Friday,Coffee: Cappuccino; Yoga session
2026-06-27,Saturday,Coffee: Cappuccino
2026-06-28,Sunday,Coffee: Cappuccino; Visit grandparents
2026-06-29,Monday,Coffee: Latte (Nostalgic choice)
2026-06-30,Tuesday,Coffee: Americano
2026-07-01,Wednesday,Coffee: Cappuccino (Nostalgic choice)
2026-07-02,Thursday,Coffee: Americano
2026-07-03,Friday,Coffee: Americano; Yoga session
2026-07-04,Saturday,Coffee: Americano; Car wash
2026-07-05,Sunday,Coffee: Americano; Dataset collection and cleaning
2026-07-06,Monday,Coffee: Cappuccino (Nostalgic choice); Model training and optimization
2026-07-07,Tuesday,Coffee: Americano; Result analysis and report
2026-07-08,Wednesday,Coffee: Cappuccino (Nostalgic choice)
2026-07-09,Thursday,Coffee: Americano
2026-07-10,Friday,Coffee: Americano; Yoga session
2026-07-11,Saturday,Coffee: Cappuccino (Nostalgic choice)
2026-07-12,Sunday,Coffee: Americano
2026-07-13,Monday,Coffee: Americano
2026-07-14,Tuesday,Coffee: Cappuccino (Nostalgic choice)
2026-07-15,Wednesday,Coffee: Macchiato
2026-07-16,Thursday,Coffee: Macchiato
2026-07-17,Friday,Coffee: Macchiato; Yoga session
2026-07-18,Saturday,Coffee: Macchiato
2026-07-19,Sunday,Coffee: Americano (Nostalgic choice)
2026-07-20,Monday,Coffee: Macchiato
2026-07-21,Tuesday,Coffee: Americano (Nostalgic choice)
2026-07-22,Wednesday,Coffee: Macchiato
2026-07-23,Thursday,Coffee: Macchiato
2026-07-24,Friday,Coffee: Macchiato; Yoga session
2026-07-25,Saturday,Coffee: Macchiato
2026-07-26,Sunday,Coffee: Americano (Nostalgic choice); Visit grandparents
2026-07-27,Monday,Coffee: Macchiato
2026-07-28,Tuesday,Coffee: Macchiato
2026-07-29,Wednesday,Coffee: Americano (Nostalgic choice)
2026-07-30,Thursday,Coffee: Flat White
2026-07-31,Friday,Coffee: Macchiato (Nostalgic choice); Yoga session
2026-08-01,Saturday,Coffee: Flat White; Car wash
2026-08-02,Sunday,Coffee: Flat White
2026-08-03,Monday,Coffee: Macchiato (Nostalgic choice)
2026-08-04,Tuesday,Coffee: Flat White
2026-08-05,Wednesday,Coffee: Flat White
2026-08-06,Thursday,Coffee: Macchiato (Nostalgic choice)
2026-08-07,Friday,Coffee: Flat White; Yoga session
2026-08-08,Saturday,Coffee: Flat White
2026-08-09,Sunday,Coffee: Macchiato (Nostalgic choice)
2026-08-10,Monday,Coffee: Flat White
2026-08-11,Tuesday,Coffee: Flat White
2026-08-12,Wednesday,Coffee: Macchiato (Nostalgic choice)
2026-08-13,Thursday,Coffee: Flat White
2026-08-14,Friday,Coffee: Espresso; Yoga session
2026-08-15,Saturday,Coffee: Espresso
2026-08-16,Sunday,Coffee: Espresso
2026-08-17,Monday,Coffee: Espresso
2026-08-18,Tuesday,Coffee: Espresso
2026-08-19,Wednesday,Coffee: Espresso
2026-08-20,Thursday,Coffee: Espresso
2026-08-21,Friday,Coffee: Espresso
2026-08-22,Saturday,Coffee: Espresso
2026-08-23,Sunday,Coffee: Espresso
2026-08-24,Monday,Coffee: Espresso
2026-08-25,Tuesday,Coffee: Espresso
2026-08-26,Wednesday,Coffee: Espresso
2026-08-27,Thursday,Coffee: Espresso
2026-08-28,Friday,Coffee: Espresso
2026-08-29,Saturday,Coffee: Latte
2026-08-30,Sunday,Coffee: Latte; Visit grandparents
2026-08-31,Monday,Coffee: Latte
2026-09-01,Tuesday,Coffee: Latte
2026-09-02,Wednesday,Coffee: Espresso (Nostalgic choice)
2026-09-03,Thursday,Coffee: Espresso (Nostalgic choice)
2026-09-04,Friday,Coffee: Latte
2026-09-05,Saturday,Coffee: Latte; Car wash
2026-09-06,Sunday,Coffee: Espresso (Nostalgic choice)
2026-09-07,Monday,Coffee: Espresso (Nostalgic choice)
2026-09-08,Tuesday,Coffee: Espresso (Nostalgic choice)
2026-09-09,Wednesday,Coffee: Latte
2026-09-10,Thursday,Coffee: Espresso (Nostalgic choice)
2026-09-11,Friday,Coffee: Latte
2026-09-12,Saturday,Coffee: Latte
2026-09-13,Sunday,Coffee: Latte (Nostalgic choice)
2026-09-14,Monday,Coffee: Latte (Nostalgic choice)
2026-09-15,Tuesday,Coffee: Cappuccino
2026-09-16,Wednesday,Coffee: Latte (Nostalgic choice)
2026-09-17,Thursday,Coffee: Latte (Nostalgic choice)
2026-09-18,Friday,Coffee: Cappuccino
2026-09-19,Saturday,Coffee: Cappuccino
2026-09-20,Sunday,Coffee: Cappuccino
2026-09-21,Monday,Coffee: Cappuccino
2026-09-22,Tuesday,Coffee: Cappuccino
2026-09-23,Wednesday,Coffee: Latte (Nostalgic choice)
2026-09-24,Thursday,Coffee: Latte (Nostalgic choice)
2026-09-25,Friday,Coffee: Cappuccino
2026-09-26,Saturday,Coffee: Cappuccino
2026-09-27,Sunday,Coffee: Cappuccino; Visit grandparents
2026-09-28,Monday,Coffee: Americano
2026-09-29,Tuesday,Coffee: Americano
2026-09-30,Wednesday,Coffee: Americano
2026-10-01,Thursday,Coffee: Cappuccino (Nostalgic choice)
2026-10-02,Friday,Coffee: Americano
2026-10-03,Saturday,Coffee: Americano; Car wash
2026-10-04,Sunday,Coffee: Americano
2026-10-05,Monday,Coffee: Cappuccino (Nostalgic choice)
2026-10-06,Tuesday,Coffee: Cappuccino (Nostalgic choice)
2026-10-07,Wednesday,Coffee: Americano
2026-10-08,Thursday,Coffee: Americano
2026-10-09,Friday,Coffee: Cappuccino (Nostalgic choice)
2026-10-10,Saturday,Coffee: Cappuccino (Nostalgic choice)
2026-10-11,Sunday,Coffee: Americano
2026-10-12,Monday,Coffee: Americano
2026-10-13,Tuesday,Coffee: Macchiato
2026-10-14,Wednesday,Coffee: Macchiato
2026-10-15,Thursday,Coffee: Americano (Nostalgic choice)
2026-10-16,Friday,Coffee: Macchiato
2026-10-17,Saturday,Coffee: Macchiato
2026-10-18,Sunday,Coffee: Macchiato
2026-10-19,Monday,Coffee: Macchiato
2026-10-20,Tuesday,Coffee: Macchiato
2026-10-21,Wednesday,Coffee: Americano (Nostalgic choice)
2026-10-22,Thursday,Coffee: Macchiato
2026-10-23,Friday,Coffee: Americano (Nostalgic choice)
2026-10-24,Saturday,Coffee: Macchiato
2026-10-25,Sunday,Coffee: Americano (Nostalgic choice); Visit grandparents
2026-10-26,Monday,Coffee: Macchiato
2026-10-27,Tuesday,Coffee: Macchiato
2026-10-28,Wednesday,Coffee: Macchiato (Nostalgic choice)
2026-10-29,Thursday,Coffee: Flat White
2026-10-30,Friday,Coffee: Flat White
2026-10-31,Saturday,Coffee: Flat White
2026-11-01,Sunday,Coffee: Flat White
2026-11-02,Monday,Coffee: Flat White
2026-11-03,Tuesday,Coffee: Flat White
2026-11-04,Wednesday,Coffee: Flat White
2026-11-05,Thursday,Coffee: Macchiato (Nostalgic choice)
2026-11-06,Friday,Coffee: Macchiato (Nostalgic choice)
2026-11-07,Saturday,Coffee: Flat White; Car wash
2026-11-08,Sunday,Coffee: Flat White
2026-11-09,Monday,Coffee: Flat White
2026-11-10,Tuesday,Coffee: Flat White
2026-11-11,Wednesday,Coffee: Macchiato (Nostalgic choice)
2026-11-12,Thursday,Coffee: Espresso
2026-11-13,Friday,Coffee: Espresso
2026-11-14,Saturday,Coffee: Espresso
2026-11-15,Sunday,Coffee: Espresso
2026-11-16,Monday,Coffee: Espresso
2026-11-17,Tuesday,Coffee: Espresso
2026-11-18,Wednesday,Coffee: Espresso
2026-11-19,Thursday,Coffee: Espresso
2026-11-20,Friday,Coffee: Espresso
2026-11-21,Saturday,Coffee: Espresso
2026-11-22,Sunday,Coffee: Espresso
2026-11-23,Monday,Coffee: Espresso
2026-11-24,Tuesday,Coffee: Espresso
2026-11-25,Wednesday,Coffee: Espresso
2026-11-26,Thursday,Coffee: Espresso
2026-11-27,Friday,Coffee: Latte
2026-11-28,Saturday,Coffee: Latte
2026-11-29,Sunday,Coffee: Latte; Visit grandparents
2026-11-30,Monday,Coffee: Espresso (Nostalgic choice)
2026-12-01,Tuesday,Coffee: Latte
2026-12-02,Wednesday,Coffee: Espresso (Nostalgic choice)
2026-12-03,Thursday,Coffee: Espresso (Nostalgic choice)
2026-12-04,Friday,Coffee: Latte
2026-12-05,Saturday,Coffee: Latte; Car wash
2026-12-06,Sunday,Coffee: Espresso (Nostalgic choice)
2026-12-07,Monday,Coffee: Espresso (Nostalgic choice)
2026-12-08,Tuesday,Coffee: Latte
2026-12-09,Wednesday,Coffee: Espresso (Nostalgic choice)
2026-12-10,Thursday,Coffee: Latte
2026-12-11,Friday,Coffee: Latte
2026-12-12,Saturday,Coffee: Cappuccino
2026-12-13,Sunday,Coffee: Cappuccino
2026-12-14,Monday,Coffee: Cappuccino
2026-12-15,Tuesday,Coffee: Cappuccino
2026-12-16,Wednesday,Coffee: Latte (Nostalgic choice)
2026-12-17,Thursday,Coffee: Cappuccino
2026-12-18,Friday,Coffee: Latte (Nostalgic choice)
2026-12-19,Saturday,Coffee: Cappuccino
2026-12-20,Sunday,Coffee: Cappuccino
2026-12-21,Monday,Coffee: Latte (Nostalgic choice)
2026-12-22,Tuesday,Coffee: Cappuccino
2026-12-23,Wednesday,Coffee: Cappuccino
2026-12-24,Thursday,Coffee: Latte (Nostalgic choice)
2026-12-25,Friday,Coffee: Cappuccino
2026-12-26,Saturday,Coffee: Cappuccino
2026-12-27,Sunday,Coffee: Americano; Visit grandparents
2026-12-28,Monday,Coffee: Cappuccino (Nostalgic choice)
2026-12-29,Tuesday,Coffee: Cappuccino (Nostalgic choice)
2026-12-30,Wednesday,Coffee: Cappuccino (Nostalgic choice)
2026-12-31,Thursday,Coffee: Americano
2027-01-01,Friday,Coffee: Americano
2027-01-02,Saturday,Coffee: Americano; Car wash
2027-01-03,Sunday,Coffee: Americano
2027-01-04,Monday,Coffee: Cappuccino (Nostalgic choice)
2027-01-05,Tuesday,Coffee: Americano
2027-01-06,Wednesday,Coffee: Americano
2027-01-07,Thursday,Coffee: Americano
2027-01-08,Friday,Coffee: Americano; Dataset collection and cleaning
2027-01-09,Saturday,Coffee: Americano; Model training and optimization
2027-01-10,Sunday,Coffee: Cappuccino (Nostalgic choice); Result analysis and report
2027-01-11,Monday,Coffee: Macchiato
2027-01-12,Tuesday,Coffee: Americano (Nostalgic choice)
2027-01-13,Wednesday,Coffee: Macchiato
2027-01-14,Thursday,Coffee: Macchiato
2027-01-15,Friday,Coffee: Americano (Nostalgic choice)
2027-01-16,Saturday,Coffee: Americano (Nostalgic choice)
2027-01-17,Sunday,Coffee: Americano (Nostalgic choice)
2027-01-18,Monday,Coffee: Macchiato
2027-01-19,Tuesday,Coffee: Americano (Nostalgic choice)
2027-01-20,Wednesday,Coffee: Macchiato
2027-01-21,Thursday,Coffee: Macchiato
2027-01-22,Friday,Coffee: Americano (Nostalgic choice)
2027-01-23,Saturday,Coffee: Macchiato
2027-01-24,Sunday,Coffee: Americano (Nostalgic choice)
2027-01-25,Monday,Coffee: Macchiato
2027-01-26,Tuesday,Coffee: Flat White
2027-01-27,Wednesday,Coffee: Flat White
2027-01-28,Thursday,Coffee: Macchiato (Nostalgic choice)
2027-01-29,Friday,Coffee: Flat White
2027-01-30,Saturday,Coffee: Macchiato (Nostalgic choice)
2027-01-31,Sunday,Coffee: Macchiato (Nostalgic choice); Visit grandparents
2027-02-01,Monday,Coffee: Flat White
2027-02-02,Tuesday,Coffee: Flat White
2027-02-03,Wednesday,Coffee: Macchiato (Nostalgic choice)
2027-02-04,Thursday,Coffee: Flat White
2027-02-05,Friday,Coffee: Flat White
2027-02-06,Saturday,Coffee: Flat White; Car wash
2027-02-07,Sunday,Coffee: Macchiato (Nostalgic choice)
2027-02-08,Monday,Coffee: Macchiato (Nostalgic choice)
2027-02-09,Tuesday,Coffee: Flat White
2027-02-10,Wednesday,Coffee: Espresso
2027-02-11,Thursday,Coffee: Espresso
2027-02-12,Friday,Coffee: Espresso
2027-02-13,Saturday,Coffee: Espresso
2027-02-14,Sunday,Coffee: Espresso
2027-02-15,Monday,Coffee: Espresso
