Task,Start Date,Frequency,End Date
Coding,2026-03-01,Daily,2026-12-31
Running,2026-03-01,Weekly,2026-12-31
Review PRs,2026-03-01,Bi-weekly,2026-12-31
Call Parents,2026-03-01,Weekly,2026-12-31
Grocery Shopping,2026-03-01,Bi-weekly,2026-12-31
Coffee Preference (Espresso->Latte->Cappuccino->Americano->Macchiato->Flat White),2026-02-15,Bi-weekly,2027-02-15
T-Shirt Color Preference (Red->Green->Blue->Yellow->Purple),2026-03-01,Weekly,2027-03-01
Breakfast Preference (Smoothie->Yogurt->Waffles->Toast->Croissant),2026-03-01,Weekly,2027-03-01
Shoes Preference (Flip Flops->Dress Shoes->Tennis Shoes->Hiking Boots),2026-03-01,Weekly,2027-03-01
Lunch Preference (Salad->Sandwich->Sushi->Pasta->Burrito),2026-02-15,Daily,2027-02-15
Dinner Preference (Pizza->Steak->Curry->Stir Fry->Soup),2026-02-15,Daily,2027-02-15
Watch Preference (Apple Watch->Casio->Rolex->Timex),2026-03-01,Weekly,2027-03-01
Workout Style Preference (Strength->Yoga->Cycling->Swimming),2026-03-01,Daily,2027-03-01
Deep Learning Project,Random,Random,Random